"setting","n","m","cov_Cel","medw_Cel","bias_Cel"
1,500,0,0.957,3.52093416441043,0.0532825460073847
1,1000,0,0.96,2.50284800984398,0.048272451035599
1,2000,0,0.956,1.77173584879179,0.0609687086896129
1,5000,0,0.954,1.12309620354169,0.056312147704547
1,500,1,0.95,4.29526447603201,0.113294858139745
1,1000,1,0.948,3.02270013507893,0.0790896950978129
1,2000,1,0.946,2.1338696251325,0.0914497640139886
1,5000,1,0.944,1.35314655781602,0.0635389045875823
1,500,2,0.951,4.77962672115596,0.145233919792111
1,1000,2,0.954,3.36521276683717,0.0889369199399396
1,2000,2,0.946,2.37800344281584,0.0905172650613694
1,5000,2,0.952,1.50519929241275,0.0633354650045984
1,500,3,0.956,5.16045175664695,0.204831349131481
1,1000,3,0.958,3.64977257318414,0.115128884860374
1,2000,3,0.953,2.56845619916231,0.089872850256646
1,5000,3,0.946,1.61802821456653,0.061289393433401
1,500,4,0.95,5.46149722388223,0.169134942290473
1,1000,4,0.947,3.8376884130105,0.122778104067562
1,2000,4,0.96,2.70764727746911,0.0874291451806869
1,5000,4,0.951,1.71181708607814,0.055461634983055
1,500,5,0.953,5.71697200025578,0.196230918292548
1,1000,5,0.949,4.0107765878594,0.129948350779288
1,2000,5,0.959,2.82705244501449,0.0943774091796844
1,5000,5,0.95,1.78193378868599,0.0739908323913198
1,500,6,0.962,6.02079391070094,0.18199231207789
1,1000,6,0.947,4.1649636427628,0.119430026934601
1,2000,6,0.954,2.92229990209319,0.0787708539800188
1,5000,6,0.957,1.84550512615663,0.0575270778160698
1,500,7,0.963,6.19015781336782,0.230798271470448
1,1000,7,0.958,4.28009490117887,0.159914795081125
1,2000,7,0.956,2.99966735291319,0.101113680998383
1,5000,7,0.949,1.89678140390895,0.0574157027176991
1,500,8,0.954,6.38006656354047,0.231678481444025
1,1000,8,0.96,4.40884226619395,0.153335138821151
1,2000,8,0.961,3.09439904231631,0.1035930623787
1,5000,8,0.952,1.94247143933073,0.0581761065282265
1,500,9,0.974,6.48246140786476,0.305271149627962
1,1000,9,0.962,4.45618133767829,0.187682554460502
1,2000,9,0.957,3.13702869630267,0.118359988080563
1,5000,9,0.957,1.9776228856352,0.0655447602971345
1,500,10,0.981,6.62772785516482,0.34633833743806
1,1000,10,0.959,4.57333610283287,0.182652118593631
1,2000,10,0.965,3.19807126938922,0.119440479879873
1,5000,10,0.95,2.00216727915052,0.0597073382239342
1,500,11,0.977,6.83773809405021,0.387241446417676
1,1000,11,0.968,4.67238053270099,0.206735242492619
1,2000,11,0.964,3.25249716826713,0.125583900685466
1,5000,11,0.954,2.0371905014715,0.0543155969468638
2,500,0,0.957,3.52093416441045,0.0532825460073951
2,1000,0,0.96,2.502848009844,0.0482724510356036
2,2000,0,0.956,1.77173584879176,0.0609687086895956
2,5000,0,0.954,1.12309620354169,0.0563121477045614
2,500,1,0.949,4.24024308113215,0.139967733689886
2,1000,1,0.944,2.99712566049581,0.10670883174938
2,2000,1,0.943,2.11304451194551,0.118583032681658
2,5000,1,0.943,1.33707165020189,0.0904667243882366
2,500,2,0.953,4.6719799075437,0.193552161555285
2,1000,2,0.952,3.29639889030347,0.136335512474479
2,2000,2,0.944,2.33162985176983,0.140128544411426
2,5000,2,0.951,1.47288700302087,0.113502188673359
2,500,3,0.953,5.01254933003542,0.266952701247261
2,1000,3,0.961,3.52229746645509,0.177610384401835
2,2000,3,0.949,2.48716446159271,0.151210701736863
2,5000,3,0.936,1.5691862108648,0.123224645067061
2,500,4,0.956,5.27181945509868,0.226419488381336
2,1000,4,0.95,3.67567543999254,0.179500512562465
2,2000,4,0.96,2.60756415179226,0.14672249316634
2,5000,4,0.952,1.63990877914909,0.114787926773489
2,500,5,0.958,5.45113506169711,0.245510715203323
2,1000,5,0.957,3.78854851032934,0.179028452155855
2,2000,5,0.951,2.673375487502,0.14110198107621
2,5000,5,0.953,1.68240765476318,0.118761859508908
2,500,6,0.965,5.56660691862592,0.213973426291131
2,1000,6,0.95,3.83076417532878,0.146272234428292
2,2000,6,0.951,2.71174749455296,0.107860445515135
2,5000,6,0.958,1.70515452425376,0.0847701973084395
2,500,7,0.965,5.57345466587674,0.243816699948576
2,1000,7,0.957,3.86775384111111,0.171936250992291
2,2000,7,0.957,2.71883527598641,0.11437185031879
2,5000,7,0.953,1.70844013955043,0.071968821552275
2,500,8,0.954,5.59428053893485,0.225229567304515
2,1000,8,0.96,3.88680415688033,0.148774324162631
2,2000,8,0.958,2.72339038147167,0.104137094235002
2,5000,8,0.947,1.70633072689727,0.0652201693461869
2,500,9,0.97,5.59834983616883,0.271787293012278
2,1000,9,0.957,3.85045232177396,0.169502415931291
2,2000,9,0.959,2.6977704665978,0.106927351414075
2,5000,9,0.952,1.70106918053139,0.0651869339409477
2,500,10,0.975,5.60753316238277,0.265677148818501
2,1000,10,0.955,3.84745340651145,0.145096241347333
2,2000,10,0.956,2.7051201775609,0.0959434271314805
2,5000,10,0.944,1.692530556578,0.0498797643286194
2,500,11,0.963,5.57352234567863,0.274264383642857
2,1000,11,0.958,3.86799929069362,0.143544776754999
2,2000,11,0.959,2.69881379049388,0.0873159478536961
2,5000,11,0.945,1.69272908058038,0.0371209603785563
3,500,0,0.955,3.52180923879429,0.0184349130168244
3,1000,0,0.958,2.49958217518413,0.0110939555775884
3,2000,0,0.958,1.77109062651449,0.0213440947777654
3,5000,0,0.96,1.12246163189032,0.015602001795703
3,500,1,0.95,4.31187707793474,0.0801920717621604
3,1000,1,0.947,3.04270189575004,0.0440316137270018
3,2000,1,0.949,2.14726675498033,0.0527441217726325
3,5000,1,0.948,1.36147986683568,0.0240547539771283
3,500,2,0.947,4.82110841327212,0.109700592968157
3,1000,2,0.955,3.3995885051542,0.0528040391632836
3,2000,2,0.944,2.40603185278241,0.0512447640949202
3,5000,2,0.95,1.52007221375131,0.023268863542238
3,500,3,0.955,5.22208254225161,0.167463512818096
3,1000,3,0.959,3.67816059607745,0.0761923672447238
3,2000,3,0.957,2.59420727235253,0.0482873522834425
3,5000,3,0.95,1.63885905021228,0.0191588122556268
3,500,4,0.949,5.53677596032829,0.131973574393194
3,1000,4,0.946,3.89518132955166,0.0831579333823314
3,2000,4,0.956,2.74977304783422,0.0457789650927247
3,5000,4,0.954,1.7397477386248,0.0131445649911153
3,500,5,0.954,5.81869030424271,0.165312419522335
3,1000,5,0.949,4.06116855908883,0.0912152875402593
3,2000,5,0.956,2.86990448900821,0.0537447599598331
3,5000,5,0.945,1.81043070403438,0.0313248725400955
3,500,6,0.961,6.11116692643924,0.156986813861093
3,1000,6,0.944,4.2115913218261,0.086663592918633
3,2000,6,0.951,2.97814691059785,0.0415645241273301
3,5000,6,0.956,1.8780782781088,0.0163776969332849
3,500,7,0.963,6.2879862645784,0.21771086198458
3,1000,7,0.955,4.34317821633203,0.133288666648725
3,2000,7,0.952,3.04917344978033,0.0671561046517574
3,5000,7,0.946,1.93368221898745,0.0189161106857557
3,500,8,0.954,6.47128998938556,0.226222105310628
3,1000,8,0.954,4.46583235340827,0.131822955722308
3,2000,8,0.961,3.13814412207835,0.0738510841764897
3,5000,8,0.957,1.97635140815402,0.0224182286949364
3,500,9,0.975,6.64643821888855,0.311236971016791
3,1000,9,0.961,4.53945861486986,0.175509358132473
3,2000,9,0.957,3.18877549389182,0.0920643307123223
3,5000,9,0.948,2.01265010291725,0.0326379698719679
3,500,10,0.98,6.73503839302673,0.362037801877614
3,1000,10,0.958,4.65087341104101,0.177769721913498
3,2000,10,0.963,3.26256253045816,0.0983182865278669
3,5000,10,0.951,2.03822309730467,0.0292351927664387
3,500,11,0.976,6.92188857751114,0.409444883746575
3,1000,11,0.966,4.73842872889625,0.205467320140853
3,2000,11,0.965,3.30486093954054,0.107184718505441
3,5000,11,0.957,2.07294983375162,0.0271136880251049
