"scoring","setting","gamma","method","n","target_name","target","coverage","width_mean","width_med","bias","rmse","reps_ok","reps_failed"
"rd",1,0.5,"Cellini2010",500,"tau_RD",1.76698965086448,0.948,6.61311240990322,6.45840850975504,0.196507347701068,1.74462451709738,1000,0
"rd",1,0.8,"Cellini2010",500,"tau_RD",3.07386081466798,0.943,17.2790872739237,16.2015690870624,0.923820718501366,4.5985243201267,1000,0
"rd",1,1,"Cellini2010",500,"tau_RD",4.42890976383938,0.952,54.2603230149034,48.4510776732099,4.57183876855762,14.8027054075956,1000,0
"rd",1,0.5,"dynamic",500,"tau_RD",1.76698965086448,0.935,6.24794846342004,6.10768814057199,0.159270114098989,1.78965472873458,1000,0
"rd",1,0.8,"dynamic",500,"tau_RD",3.07386081466798,0.942,10.6195719515696,9.98844166581745,0.433536480301843,3.00624510352017,1000,0
"rd",1,1,"dynamic",500,"tau_RD",4.42890976383938,0.95,20.4927843375075,17.9632251893039,1.03980051810021,5.80853553065163,1000,0
"rd",1,0.5,"dynamic_ba",500,"tau_RD",1.76698965086448,0.96,6.95408626958933,6.79797384468755,0.159270114098989,1.78965472873458,1000,0
"rd",1,0.8,"dynamic_ba",500,"tau_RD",3.07386081466798,0.963,11.8197869156081,11.1173268232807,0.433536480301843,3.00624510352017,1000,0
"rd",1,1,"dynamic_ba",500,"tau_RD",4.42890976383938,0.963,22.8088613440818,19.993413578527,1.03980051810021,5.80853553065163,1000,0
"rd",1,0.5,"naive",500,"tau_RD",1.76698965086448,0.932,7.9867616716822,7.60696635801944,0.297839762899474,2.30810380189564,1000,0
"rd",1,0.8,"naive",500,"tau_RD",3.07386081466798,0.931,27.0031046683673,20.2259372411905,2.13011929545155,8.86940930870771,1000,0
"rd",1,1,"naive",500,"tau_RD",4.42890976383938,0.912,6247504.18351592,67.8626708286181,-296.545865172433,9309.10628237033,1000,0
"rd",1,0.5,"static",500,"tau_RD",1.76698965086448,0.382,1.29735935185351,1.28415598111974,-0.756085730147258,0.828280963841555,1000,0
"rd",1,0.8,"static",500,"tau_RD",3.07386081466798,0,1.29735935185351,1.28415598111974,-2.06295689395075,2.09049632145788,1000,0
"rd",1,1,"static",500,"tau_RD",4.42890976383938,0,1.29735935185351,1.28415598111974,-3.41800584312216,3.43469760930234,1000,0
"rd",1,0.5,"Cellini2010",1000,"tau_RD",1.76698965086448,0.959,4.62488131563272,4.59786555206013,0.141823986197976,1.16414978385524,1000,0
"rd",1,0.8,"Cellini2010",1000,"tau_RD",3.07386081466798,0.953,11.8116923151321,11.4253306098251,0.675508504054924,3.11781029739232,1000,0
"rd",1,1,"Cellini2010",1000,"tau_RD",4.42890976383938,0.96,36.2183602347269,34.4204603147834,3.60041451859202,10.0990428339285,1000,0
"rd",1,0.5,"dynamic",1000,"tau_RD",1.76698965086448,0.954,4.41258545104863,4.33459962317013,0.0764979037912443,1.20284983647891,1000,0
"rd",1,0.8,"dynamic",1000,"tau_RD",3.07386081466798,0.94,7.39673354717083,7.23006904492987,0.222611684051216,2.02616558580907,1000,0
"rd",1,1,"dynamic",1000,"tau_RD",4.42890976383938,0.94,13.7296070089383,13.0199209505963,0.494772426609648,3.67365774710748,1000,0
"rd",1,0.5,"dynamic_ba",1000,"tau_RD",1.76698965086448,0.977,4.91129209502635,4.82449237539878,0.0764979037912443,1.20284983647891,1000,0
"rd",1,0.8,"dynamic_ba",1000,"tau_RD",3.07386081466798,0.969,8.23270606365329,8.04720528152498,0.222611684051216,2.02616558580907,1000,0
"rd",1,1,"dynamic_ba",1000,"tau_RD",4.42890976383938,0.961,15.2813154824667,14.4914213111353,0.494772426609648,3.67365774710748,1000,0
"rd",1,0.5,"naive",1000,"tau_RD",1.76698965086448,0.95,5.56725169521572,5.4144080405277,0.144331630449515,1.52607195285666,1000,0
"rd",1,0.8,"naive",1000,"tau_RD",3.07386081466798,0.953,15.9463758238727,14.1589674078593,1.04795787812601,4.59094377117011,1000,0
"rd",1,1,"naive",1000,"tau_RD",4.42890976383938,0.927,896.569106273393,47.8849354707696,13.3861229486024,119.39280887295,1000,0
"rd",1,0.5,"static",1000,"tau_RD",1.76698965086448,0.103,0.920247386621307,0.910130332461985,-0.760055965859895,0.798129630880038,1000,0
"rd",1,0.8,"static",1000,"tau_RD",3.07386081466798,0,0.920247386621307,0.910130332461985,-2.06692712966339,2.08122886674869,1000,0
"rd",1,1,"static",1000,"tau_RD",4.42890976383938,0,0.920247386621307,0.910130332461985,-3.4219760788348,3.43063348677282,1000,0
"rd",1,0.5,"Cellini2010",2000,"tau_RD",1.76698965086448,0.958,3.25858927478739,3.24702389588222,0.153091719710253,0.830193570082855,1000,0
"rd",1,0.8,"Cellini2010",2000,"tau_RD",3.07386081466798,0.956,8.2261469410982,8.09965078772935,0.605640484490873,2.18083354140671,1000,0
"rd",1,1,"Cellini2010",2000,"tau_RD",4.42890976383938,0.954,24.8926736728829,24.2765430978666,3.16798734481281,7.09015662422336,1000,0
"rd",1,0.5,"dynamic",2000,"tau_RD",1.76698965086448,0.936,3.13353252294267,3.09918786805744,0.0562797880473793,0.846414913258205,1000,0
"rd",1,0.8,"dynamic",2000,"tau_RD",3.07386081466798,0.948,5.25156137880364,5.1592561824722,0.176439384020972,1.41343680730745,1000,0
"rd",1,1,"dynamic",2000,"tau_RD",4.42890976383938,0.95,9.62901695861964,9.33680635944782,0.330327934478578,2.59160864528815,1000,0
"rd",1,0.5,"dynamic_ba",2000,"tau_RD",1.76698965086448,0.966,3.48768169594971,3.44945543746352,0.0562797880473793,0.846414913258205,1000,0
"rd",1,0.8,"dynamic_ba",2000,"tau_RD",3.07386081466798,0.975,5.84508836653457,5.74235091564515,0.176439384020972,1.41343680730745,1000,0
"rd",1,1,"dynamic_ba",2000,"tau_RD",4.42890976383938,0.974,10.7172802422455,10.3920442503953,0.330327934478578,2.59160864528815,1000,0
"rd",1,0.5,"naive",2000,"tau_RD",1.76698965086448,0.947,3.96007653677037,3.88582928368318,0.115828114147519,1.05745026654954,1000,0
"rd",1,0.8,"naive",2000,"tau_RD",3.07386081466798,0.956,10.9877826815571,10.0865388360962,0.729581174391226,3.11290388464219,1000,0
"rd",1,1,"naive",2000,"tau_RD",4.42890976383938,0.962,79.3654935292422,34.3311762975704,6.6304935759398,26.8858566288625,1000,0
"rd",1,0.5,"static",2000,"tau_RD",1.76698965086448,0.01,0.656456347431991,0.648140694302922,-0.762176286458664,0.78159253102108,1000,0
"rd",1,0.8,"static",2000,"tau_RD",3.07386081466798,0,0.656456347431991,0.648140694302922,-2.06904745026216,2.07627829164213,1000,0
"rd",1,1,"static",2000,"tau_RD",4.42890976383938,0,0.656456347431991,0.648140694302922,-3.42409639943357,3.42847055485707,1000,0
"rd",1,0.5,"Cellini2010",5000,"tau_RD",1.76698965086448,0.955,2.05560071207222,2.05648018004507,0.120429275676878,0.516008715296189,1000,0
"rd",1,0.8,"Cellini2010",5000,"tau_RD",3.07386081466798,0.944,5.14336046476731,5.13243669154773,0.484872791078418,1.37127441963376,1000,0
"rd",1,1,"Cellini2010",5000,"tau_RD",4.42890976383938,0.92,15.4292907294445,15.3978106884317,2.73312519706225,4.78718841649716,1000,0
"rd",1,0.5,"dynamic",5000,"tau_RD",1.76698965086448,0.946,1.99851713867423,1.99313244039394,0.00402028834406587,0.524169159214438,1000,0
"rd",1,0.8,"dynamic",5000,"tau_RD",3.07386081466798,0.95,3.3176130599477,3.2786850326925,0.0810384692859474,0.871696208189851,1000,0
"rd",1,1,"dynamic",5000,"tau_RD",4.42890976383938,0.958,6.08368721520833,6.02339378067092,0.154127658459856,1.57861859262611,1000,0
"rd",1,0.5,"dynamic_ba",5000,"tau_RD",1.76698965086448,0.974,2.22438784105878,2.21839456877171,0.00402028834406587,0.524169159214438,1000,0
"rd",1,0.8,"dynamic_ba",5000,"tau_RD",3.07386081466798,0.97,3.69256685823619,3.64923921854413,0.0810384692859474,0.871696208189851,1000,0
"rd",1,1,"dynamic_ba",5000,"tau_RD",4.42890976383938,0.978,6.77126035521081,6.70415260812906,0.154127658459856,1.57861859262611,1000,0
"rd",1,0.5,"naive",5000,"tau_RD",1.76698965086448,0.957,2.52921577477208,2.48604867162831,0.0612262735890914,0.65652606157658,1000,0
"rd",1,0.8,"naive",5000,"tau_RD",3.07386081466798,0.959,6.87756551485984,6.52163673367106,0.480487569948099,1.91604552216099,1000,0
"rd",1,1,"naive",5000,"tau_RD",4.42890976383938,0.974,27.4376064886686,21.471859053737,4.14856522340681,9.20925174943332,1000,0
"rd",1,0.5,"static",5000,"tau_RD",1.76698965086448,0,0.421541166932186,0.416951705320927,-0.768401482884492,0.776464875610218,1000,0
"rd",1,0.8,"static",5000,"tau_RD",3.07386081466798,0,0.421541166932186,0.416951705320927,-2.07527264668799,2.07827173927008,1000,0
"rd",1,1,"static",5000,"tau_RD",4.42890976383938,0,0.421541166932186,0.416951705320927,-3.43032159585939,3.43213681475209,1000,0
"own",1,0.5,"Cellini2010",500,"tau_Cel",1.76827620288453,0.948,6.61311240990322,6.45840850975504,0.195220795681017,1.74448007355289,1000,0
"own",1,0.8,"Cellini2010",500,"tau_Cel",3.27595744108021,0.94,17.2790872739237,16.2015690870624,0.721724092089132,4.56222170307037,1000,0
"own",1,1,"Cellini2010",500,"tau_Cel",6.4354200002672,0.937,54.2603230149034,48.4510776732099,2.5653285321298,14.3108101844771,1000,0
"own",1,0.5,"dynamic",500,"tau_RD",1.76698965086448,0.935,6.24794846342004,6.10768814057199,0.159270114098989,1.78965472873458,1000,0
"own",1,0.8,"dynamic",500,"tau_RD",3.07386081466798,0.942,10.6195719515696,9.98844166581745,0.433536480301843,3.00624510352017,1000,0
"own",1,1,"dynamic",500,"tau_RD",4.42890976383938,0.95,20.4927843375075,17.9632251893039,1.03980051810021,5.80853553065163,1000,0
"own",1,0.5,"dynamic_ba",500,"tau_RD",1.76698965086448,0.96,6.95408626958933,6.79797384468755,0.159270114098989,1.78965472873458,1000,0
"own",1,0.8,"dynamic_ba",500,"tau_RD",3.07386081466798,0.963,11.8197869156081,11.1173268232807,0.433536480301843,3.00624510352017,1000,0
"own",1,1,"dynamic_ba",500,"tau_RD",4.42890976383938,0.963,22.8088613440818,19.993413578527,1.03980051810021,5.80853553065163,1000,0
"own",1,0.5,"naive",500,"tau_naive",1.76830984613471,0.932,7.9867616716822,7.60696635801944,0.296519567629248,2.3079338140311,1000,0
"own",1,0.8,"naive",500,"tau_naive",3.29088616764435,0.93,27.0031046683673,20.2259372411905,1.91309394247518,8.81980394936708,1000,0
"own",1,1,"naive",500,"tau_naive",6.78587164088845,0.887,6247504.18351592,67.8626708286181,-298.902827049482,9309.18166254876,1000,0
"own",1,0.5,"static",500,"tau_PE",1,0.952,1.29735935185351,1.28415598111974,0.0109039207172239,0.338382356539154,1000,0
"own",1,0.8,"static",500,"tau_PE",1,0.952,1.29735935185351,1.28415598111974,0.0109039207172239,0.338382356539154,1000,0
"own",1,1,"static",500,"tau_PE",1,0.952,1.29735935185351,1.28415598111974,0.0109039207172239,0.338382356539154,1000,0
"own",1,0.5,"Cellini2010",1000,"tau_Cel",1.76827620288453,0.959,4.62488131563272,4.59786555206013,0.140537434177925,1.16399374852034,1000,0
"own",1,0.8,"Cellini2010",1000,"tau_Cel",3.27595744108021,0.947,11.8116923151321,11.4253306098251,0.47341187764269,3.080348700613,1000,0
"own",1,1,"Cellini2010",1000,"tau_Cel",6.4354200002672,0.941,36.2183602347269,34.4204603147834,1.5939042821642,9.56912808549114,1000,0
"own",1,0.5,"dynamic",1000,"tau_RD",1.76698965086448,0.954,4.41258545104863,4.33459962317013,0.0764979037912443,1.20284983647891,1000,0
"own",1,0.8,"dynamic",1000,"tau_RD",3.07386081466798,0.94,7.39673354717083,7.23006904492987,0.222611684051216,2.02616558580907,1000,0
"own",1,1,"dynamic",1000,"tau_RD",4.42890976383938,0.94,13.7296070089383,13.0199209505963,0.494772426609648,3.67365774710748,1000,0
"own",1,0.5,"dynamic_ba",1000,"tau_RD",1.76698965086448,0.977,4.91129209502635,4.82449237539878,0.0764979037912443,1.20284983647891,1000,0
"own",1,0.8,"dynamic_ba",1000,"tau_RD",3.07386081466798,0.969,8.23270606365329,8.04720528152498,0.222611684051216,2.02616558580907,1000,0
"own",1,1,"dynamic_ba",1000,"tau_RD",4.42890976383938,0.961,15.2813154824667,14.4914213111353,0.494772426609648,3.67365774710748,1000,0
"own",1,0.5,"naive",1000,"tau_naive",1.76830984613471,0.95,5.56725169521572,5.4144080405277,0.143011435179289,1.52594765845345,1000,0
"own",1,0.8,"naive",1000,"tau_naive",3.29088616764435,0.945,15.9463758238727,14.1589674078593,0.830932525149639,4.5463169551925,1000,0
"own",1,1,"naive",1000,"tau_naive",6.78587164088845,0.898,896.569106273393,47.8849354707696,11.0291610715533,119.151571189473,1000,0
"own",1,0.5,"static",1000,"tau_PE",1,0.939,0.920247386621307,0.910130332461985,0.00693368500458669,0.24366762697829,1000,0
"own",1,0.8,"static",1000,"tau_PE",1,0.939,0.920247386621307,0.910130332461985,0.00693368500458669,0.24366762697829,1000,0
"own",1,1,"static",1000,"tau_PE",1,0.939,0.920247386621307,0.910130332461985,0.00693368500458669,0.24366762697829,1000,0
"own",1,0.5,"Cellini2010",2000,"tau_Cel",1.76827620288453,0.958,3.25858927478739,3.24702389588222,0.151805167690202,0.829957286913323,1000,0
"own",1,0.8,"Cellini2010",2000,"tau_Cel",3.27595744108021,0.955,8.2261469410982,8.09965078772935,0.40354385807864,2.13356091646411,1000,0
"own",1,1,"Cellini2010",2000,"tau_Cel",6.4354200002672,0.946,24.8926736728829,24.2765430978666,1.16147710838499,6.44850418410554,1000,0
"own",1,0.5,"dynamic",2000,"tau_RD",1.76698965086448,0.936,3.13353252294267,3.09918786805744,0.0562797880473793,0.846414913258205,1000,0
"own",1,0.8,"dynamic",2000,"tau_RD",3.07386081466798,0.948,5.25156137880364,5.1592561824722,0.176439384020972,1.41343680730745,1000,0
"own",1,1,"dynamic",2000,"tau_RD",4.42890976383938,0.95,9.62901695861964,9.33680635944782,0.330327934478578,2.59160864528815,1000,0
"own",1,0.5,"dynamic_ba",2000,"tau_RD",1.76698965086448,0.966,3.48768169594971,3.44945543746352,0.0562797880473793,0.846414913258205,1000,0
"own",1,0.8,"dynamic_ba",2000,"tau_RD",3.07386081466798,0.975,5.84508836653457,5.74235091564515,0.176439384020972,1.41343680730745,1000,0
"own",1,1,"dynamic_ba",2000,"tau_RD",4.42890976383938,0.974,10.7172802422455,10.3920442503953,0.330327934478578,2.59160864528815,1000,0
"own",1,0.5,"naive",2000,"tau_naive",1.76830984613471,0.946,3.96007653677037,3.88582928368318,0.114507918877292,1.05730647292274,1000,0
"own",1,0.8,"naive",2000,"tau_naive",3.29088616764435,0.947,10.9877826815571,10.0865388360962,0.51255582141485,3.06929884095058,1000,0
"own",1,1,"naive",2000,"tau_naive",6.78587164088845,0.925,79.3654935292422,34.3311762975704,4.27353169889073,26.4035776891806,1000,0
"own",1,0.5,"static",2000,"tau_PE",1,0.949,0.656456347431991,0.648140694302922,0.00481336440581726,0.173197463563762,1000,0
"own",1,0.8,"static",2000,"tau_PE",1,0.949,0.656456347431991,0.648140694302922,0.00481336440581726,0.173197463563762,1000,0
"own",1,1,"static",2000,"tau_PE",1,0.949,0.656456347431991,0.648140694302922,0.00481336440581726,0.173197463563762,1000,0
"own",1,0.5,"Cellini2010",5000,"tau_Cel",1.76827620288453,0.954,2.05560071207222,2.05648018004507,0.119142723656828,0.515709969286936,1000,0
"own",1,0.8,"Cellini2010",5000,"tau_Cel",3.27595744108021,0.953,5.14336046476731,5.13243669154773,0.282776164666184,1.31348934891649,1000,0
"own",1,1,"Cellini2010",5000,"tau_Cel",6.4354200002672,0.953,15.4292907294445,15.3978106884317,0.726614960634431,3.99689490645498,1000,0
"own",1,0.5,"dynamic",5000,"tau_RD",1.76698965086448,0.946,1.99851713867423,1.99313244039394,0.00402028834406587,0.524169159214438,1000,0
"own",1,0.8,"dynamic",5000,"tau_RD",3.07386081466798,0.95,3.3176130599477,3.2786850326925,0.0810384692859474,0.871696208189851,1000,0
"own",1,1,"dynamic",5000,"tau_RD",4.42890976383938,0.958,6.08368721520833,6.02339378067092,0.154127658459856,1.57861859262611,1000,0
"own",1,0.5,"dynamic_ba",5000,"tau_RD",1.76698965086448,0.974,2.22438784105878,2.21839456877171,0.00402028834406587,0.524169159214438,1000,0
"own",1,0.8,"dynamic_ba",5000,"tau_RD",3.07386081466798,0.97,3.69256685823619,3.64923921854413,0.0810384692859474,0.871696208189851,1000,0
"own",1,1,"dynamic_ba",5000,"tau_RD",4.42890976383938,0.978,6.77126035521081,6.70415260812906,0.154127658459856,1.57861859262611,1000,0
"own",1,0.5,"naive",5000,"tau_naive",1.76830984613471,0.956,2.52921577477208,2.48604867162831,0.0599060783188647,0.656404258952663,1000,0
"own",1,0.8,"naive",5000,"tau_naive",3.29088616764435,0.956,6.87756551485984,6.52163673367106,0.263462216971723,1.87343921115424,1000,0
"own",1,1,"naive",5000,"tau_naive",6.78587164088845,0.943,27.4376064886686,21.471859053737,1.79160334635774,8.41484206163493,1000,0
"own",1,0.5,"static",5000,"tau_PE",1,0.934,0.421541166932186,0.416951705320927,-0.00141183202001083,0.11161925204443,1000,0
"own",1,0.8,"static",5000,"tau_PE",1,0.934,0.421541166932186,0.416951705320927,-0.00141183202001083,0.11161925204443,1000,0
"own",1,1,"static",5000,"tau_PE",1,0.934,0.421541166932186,0.416951705320927,-0.00141183202001083,0.11161925204443,1000,0
"rd",2,0.5,"Cellini2010",500,"tau_RD",1.7214123314256,0.95,6.51699163239852,6.41063623261857,0.253844589127865,1.72602604713593,1000,0
"rd",2,0.8,"Cellini2010",500,"tau_RD",2.83792536817979,0.951,16.3245307355389,15.2501089858955,1.05379504122515,4.36248676670357,1000,0
"rd",2,1,"Cellini2010",500,"tau_RD",4.32797735502313,0.953,47.9861874540283,42.546953409262,3.76248753364971,12.9025005409679,1000,0
"rd",2,0.5,"dynamic",500,"tau_RD",1.7214123314256,0.93,4.76104174426582,4.6155046651418,0.13121743896164,1.38318450122934,1000,0
"rd",2,0.8,"dynamic",500,"tau_RD",2.83792536817979,0.934,6.85410091971918,6.67232766501163,0.253770623491355,1.93426191220027,1000,0
"rd",2,1,"dynamic",500,"tau_RD",4.32797735502313,0.941,12.1280471711935,11.8332434575846,0.134089672414459,3.33158444658219,1000,0
"rd",2,0.5,"dynamic_ba",500,"tau_RD",1.7214123314256,0.961,5.29913062128834,5.13714506561708,0.13121743896164,1.38318450122934,1000,0
"rd",2,0.8,"dynamic_ba",500,"tau_RD",2.83792536817979,0.965,7.62874555948371,7.42642844657199,0.253770623491355,1.93426191220027,1000,0
"rd",2,1,"dynamic_ba",500,"tau_RD",4.32797735502313,0.97,13.4987487179051,13.1706265400359,0.134089672414459,3.33158444658219,1000,0
"rd",2,0.5,"naive",500,"tau_RD",1.7214123314256,0.935,7.93171808271183,7.47541229004415,0.35526098616453,2.3275107398758,1000,0
"rd",2,0.8,"naive",500,"tau_RD",2.83792536817979,0.934,27.0484206620969,18.7433417010356,2.29038024007775,9.21346628122143,1000,0
"rd",2,1,"naive",500,"tau_RD",4.32797735502313,0.935,1545.63134072464,56.1560839516685,12.7951096755411,104.40461083844,1000,0
"rd",2,0.5,"static",500,"tau_RD",1.7214123314256,0.309,1.10821178922035,1.1100525545422,-0.711285438976467,0.768573642400153,1000,0
"rd",2,0.8,"static",500,"tau_RD",2.83792536817979,0,1.10821178922035,1.1100525545422,-1.82779847573065,1.85084460070952,1000,0
"rd",2,1,"static",500,"tau_RD",4.32797735502313,0,1.10821178922035,1.1100525545422,-3.31785046257399,3.33060207171237,1000,0
"rd",2,0.5,"Cellini2010",1000,"tau_RD",1.7214123314256,0.958,4.55252114592407,4.51468144726033,0.199423676301125,1.1543723530354,1000,0
"rd",2,0.8,"Cellini2010",1000,"tau_RD",2.83792536817979,0.963,11.1105446631712,10.6968557017836,0.815259588465764,2.97020302310608,1000,0
"rd",2,1,"Cellini2010",1000,"tau_RD",4.32797735502313,0.962,31.7819115489484,29.785437276954,2.89463605654382,8.76812735097463,1000,0
"rd",2,0.5,"dynamic",1000,"tau_RD",1.7214123314256,0.94,3.38954134552309,3.33392273715236,0.0962332638164589,0.946489364758088,1000,0
"rd",2,0.8,"dynamic",1000,"tau_RD",2.83792536817979,0.947,5.05281867789807,4.97657146106734,0.227623217022993,1.42483713326968,1000,0
"rd",2,1,"dynamic",1000,"tau_RD",4.32797735502313,0.938,8.84403983524149,8.73603726907651,0.165426460301529,2.43681000725554,1000,0
"rd",2,0.5,"dynamic_ba",1000,"tau_RD",1.7214123314256,0.963,3.77262441729632,3.71071984124723,0.0962332638164589,0.946489364758088,1000,0
"rd",2,0.8,"dynamic_ba",1000,"tau_RD",2.83792536817979,0.968,5.62388393508955,5.53901932284743,0.227623217022993,1.42483713326968,1000,0
"rd",2,1,"dynamic_ba",1000,"tau_RD",4.32797735502313,0.965,9.84358567392671,9.72337674985418,0.165426460301529,2.43681000725554,1000,0
"rd",2,0.5,"naive",1000,"tau_RD",1.7214123314256,0.954,5.49903590969896,5.29954664441119,0.193522307616714,1.53071004494173,1000,0
"rd",2,0.8,"naive",1000,"tau_RD",2.83792536817979,0.96,15.2429737745293,12.8791349967943,1.15714020567466,4.66742015261229,1000,0
"rd",2,1,"naive",1000,"tau_RD",4.32797735502313,0.946,243.622924106321,39.2421546215538,9.23609022843844,68.2453730781508,1000,0
"rd",2,0.5,"static",1000,"tau_RD",1.7214123314256,0.111,0.826836564824237,0.824441116824879,-0.699903432826078,0.733385857022437,1000,0
"rd",2,0.8,"static",1000,"tau_RD",2.83792536817979,0,0.826836564824237,0.824441116824879,-1.81641646958026,1.82957885617462,1000,0
"rd",2,1,"static",1000,"tau_RD",4.32797735502313,0,0.826836564824237,0.824441116824879,-3.3064684564236,3.31371749751289,1000,0
"rd",2,0.5,"Cellini2010",2000,"tau_RD",1.7214123314256,0.957,3.20679074249734,3.19327626587047,0.21104956017656,0.829528764966662,1000,0
"rd",2,0.8,"Cellini2010",2000,"tau_RD",2.83792536817979,0.956,7.72596172135302,7.61946356237245,0.75237560686587,2.10516953950211,1000,0
"rd",2,1,"Cellini2010",2000,"tau_RD",4.32797735502313,0.956,21.7636134343887,21.2264280990085,2.51732524677764,6.08679542495016,1000,0
"rd",2,0.5,"dynamic",2000,"tau_RD",1.7214123314256,0.949,2.41252038030792,2.38667020884936,0.080569552227497,0.669654561588873,1000,0
"rd",2,0.8,"dynamic",2000,"tau_RD",2.83792536817979,0.949,3.74507840260528,3.70791546240554,0.153872326041367,1.01364622556336,1000,0
"rd",2,1,"dynamic",2000,"tau_RD",4.32797735502313,0.946,6.4876690272542,6.50089313400863,0.118979065145258,1.73220074531696,1000,0
"rd",2,0.5,"dynamic_ba",2000,"tau_RD",1.7214123314256,0.971,2.68518137593925,2.65640964015125,0.080569552227497,0.669654561588873,1000,0
"rd",2,0.8,"dynamic_ba",2000,"tau_RD",2.83792536817979,0.972,4.1683439693158,4.1269809053127,0.153872326041367,1.01364622556336,1000,0
"rd",2,1,"dynamic_ba",2000,"tau_RD",4.32797735502313,0.967,7.22089984707918,7.23561853109954,0.118979065145258,1.73220074531696,1000,0
"rd",2,0.5,"naive",2000,"tau_RD",1.7214123314256,0.949,3.90125964581994,3.81909553221748,0.159365029623711,1.05308215329977,1000,0
"rd",2,0.8,"naive",2000,"tau_RD",2.83792536817979,0.961,10.2550233884502,9.36375162082894,0.806228703276703,2.99991481305837,1000,0
"rd",2,1,"naive",2000,"tau_RD",4.32797735502313,0.968,38.0519430909192,27.8693161444274,4.04156628758518,12.2165807471122,1000,0
"rd",2,0.5,"static",2000,"tau_RD",1.7214123314256,0.01,0.61291038812549,0.613055335464191,-0.708539927751166,0.725422320398568,1000,0
"rd",2,0.8,"static",2000,"tau_RD",2.83792536817979,0,0.61291038812549,0.613055335464191,-1.82505296450535,1.8316732888167,1000,0
"rd",2,1,"static",2000,"tau_RD",4.32797735502313,0,0.61291038812549,0.613055335464191,-3.31510495134869,3.31875421689697,1000,0
"rd",2,0.5,"Cellini2010",5000,"tau_RD",1.7214123314256,0.952,2.02100631803821,2.02110359395903,0.178490864229915,0.524605970473084,1000,0
"rd",2,0.8,"Cellini2010",5000,"tau_RD",2.83792536817979,0.939,4.82147733464474,4.80140545745584,0.637120686172288,1.35904779681766,1000,0
"rd",2,1,"Cellini2010",5000,"tau_RD",4.32797735502313,0.928,13.4546877741391,13.3401301970052,2.13325600751801,4.02737117029932,1000,0
"rd",2,0.5,"dynamic",5000,"tau_RD",1.7214123314256,0.943,1.51886053623555,1.50410992649488,0.0398581661924269,0.414638974361009,1000,0
"rd",2,0.8,"dynamic",5000,"tau_RD",2.83792536817979,0.941,2.52430576993373,2.50044692008091,0.0674420333209298,0.68689890140897,1000,0
"rd",2,1,"dynamic",5000,"tau_RD",4.32797735502313,0.946,4.32190552928866,4.30271331872269,0.0403642240131825,1.17238862483878,1000,0
"rd",2,0.5,"dynamic_ba",5000,"tau_RD",1.7214123314256,0.97,1.69052085853395,1.67410314746187,0.0398581661924269,0.414638974361009,1000,0
"rd",2,0.8,"dynamic_ba",5000,"tau_RD",2.83792536817979,0.964,2.8096006549536,2.78304529824074,0.0674420333209298,0.68689890140897,1000,0
"rd",2,1,"dynamic_ba",5000,"tau_RD",4.32797735502313,0.964,4.8103636058542,4.78900230802,0.0403642240131825,1.17238862483878,1000,0
"rd",2,0.5,"naive",5000,"tau_RD",1.7214123314256,0.95,2.48858958420232,2.45579798046155,0.101463116005107,0.653726915420844,1000,0
"rd",2,0.8,"naive",5000,"tau_RD",2.83792536817979,0.957,6.3620127450784,6.06856201605873,0.55931362838924,1.82534378175889,1000,0
"rd",2,1,"naive",5000,"tau_RD",4.32797735502313,0.969,20.5292114424528,17.8647501009343,2.62910673480098,6.53687099428717,1000,0
"rd",2,0.5,"static",5000,"tau_RD",1.7214123314256,0,0.411513489418113,0.411932604743394,-0.715217698755468,0.723092815782536,1000,0
"rd",2,0.8,"static",5000,"tau_RD",2.83792536817979,0,0.411513489418113,0.411932604743394,-1.83173073550965,1.83481997782725,1000,0
"rd",2,1,"static",5000,"tau_RD",4.32797735502313,0,0.411513489418113,0.411932604743394,-3.32178272235299,3.32348722250381,1000,0
"own",2,0.5,"Cellini2010",500,"tau_Cel",1.74135779297765,0.951,6.51699163239852,6.41063623261857,0.233899127575819,1.72320562958775,1000,0
"own",2,0.8,"Cellini2010",500,"tau_Cel",3.05914429678737,0.944,16.3245307355389,15.2501089858955,0.832576112617568,4.31439332746267,1000,0
"own",2,1,"Cellini2010",500,"tau_Cel",5.47003102357049,0.945,47.9861874540283,42.546953409262,2.62043386510235,12.6168491078472,1000,0
"own",2,0.5,"dynamic",500,"tau_RD",1.7214123314256,0.93,4.76104174426582,4.6155046651418,0.13121743896164,1.38318450122934,1000,0
"own",2,0.8,"dynamic",500,"tau_RD",2.83792536817979,0.934,6.85410091971918,6.67232766501163,0.253770623491355,1.93426191220027,1000,0
"own",2,1,"dynamic",500,"tau_RD",4.32797735502313,0.941,12.1280471711935,11.8332434575846,0.134089672414459,3.33158444658219,1000,0
"own",2,0.5,"dynamic_ba",500,"tau_RD",1.7214123314256,0.961,5.29913062128834,5.13714506561708,0.13121743896164,1.38318450122934,1000,0
"own",2,0.8,"dynamic_ba",500,"tau_RD",2.83792536817979,0.965,7.62874555948371,7.42642844657199,0.253770623491355,1.93426191220027,1000,0
"own",2,1,"dynamic_ba",500,"tau_RD",4.32797735502313,0.97,13.4987487179051,13.1706265400359,0.134089672414459,3.33158444658219,1000,0
"own",2,0.5,"naive",500,"tau_naive",1.74137342331148,0.934,7.93171808271183,7.47541229004415,0.335299894278652,2.32454767536608,1000,0
"own",2,0.8,"naive",500,"tau_naive",3.06539960451628,0.931,27.0484206620969,18.7433417010356,2.06290600374126,9.1595687917793,1000,0
"own",2,1,"naive",500,"tau_naive",5.59484194240617,0.924,1545.63134072464,56.1560839516685,11.5282450881581,104.256934385822,1000,0
"own",2,0.5,"static",500,"tau_PE",1,0.944,1.10821178922035,1.1100525545422,0.0101268924491364,0.291343477776609,1000,0
"own",2,0.8,"static",500,"tau_PE",1,0.944,1.10821178922035,1.1100525545422,0.0101268924491364,0.291343477776609,1000,0
"own",2,1,"static",500,"tau_PE",1,0.944,1.10821178922035,1.1100525545422,0.0101268924491364,0.291343477776609,1000,0
"own",2,0.5,"Cellini2010",1000,"tau_Cel",1.74135779297765,0.958,4.55252114592407,4.51468144726033,0.179478214749078,1.15109432991069,1000,0
"own",2,0.8,"Cellini2010",1000,"tau_Cel",3.05914429678737,0.955,11.1105446631712,10.6968557017836,0.594040659858181,2.91724906503505,1000,0
"own",2,1,"Cellini2010",1000,"tau_Cel",5.47003102357049,0.945,31.7819115489484,29.785437276954,1.75258238799645,8.46006408780579,1000,0
"own",2,0.5,"dynamic",1000,"tau_RD",1.7214123314256,0.94,3.38954134552309,3.33392273715236,0.0962332638164589,0.946489364758088,1000,0
"own",2,0.8,"dynamic",1000,"tau_RD",2.83792536817979,0.947,5.05281867789807,4.97657146106734,0.227623217022993,1.42483713326968,1000,0
"own",2,1,"dynamic",1000,"tau_RD",4.32797735502313,0.938,8.84403983524149,8.73603726907651,0.165426460301529,2.43681000725554,1000,0
"own",2,0.5,"dynamic_ba",1000,"tau_RD",1.7214123314256,0.963,3.77262441729632,3.71071984124723,0.0962332638164589,0.946489364758088,1000,0
"own",2,0.8,"dynamic_ba",1000,"tau_RD",2.83792536817979,0.968,5.62388393508955,5.53901932284743,0.227623217022993,1.42483713326968,1000,0
"own",2,1,"dynamic_ba",1000,"tau_RD",4.32797735502313,0.965,9.84358567392671,9.72337674985418,0.165426460301529,2.43681000725554,1000,0
"own",2,0.5,"naive",1000,"tau_naive",1.74137342331148,0.951,5.49903590969896,5.29954664441119,0.173561215730835,1.52831471030877,1000,0
"own",2,0.8,"naive",1000,"tau_naive",3.06539960451628,0.948,15.2429737745293,12.8791349967943,0.929665969338175,4.61628814524917,1000,0
"own",2,1,"naive",1000,"tau_naive",5.59484194240617,0.925,243.622924106321,39.2421546215538,7.9692256410554,68.0854914147368,1000,0
"own",2,0.5,"static",1000,"tau_PE",1,0.932,0.826836564824237,0.824441116824879,0.0215088985995249,0.220119587310556,1000,0
"own",2,0.8,"static",1000,"tau_PE",1,0.932,0.826836564824237,0.824441116824879,0.0215088985995249,0.220119587310556,1000,0
"own",2,1,"static",1000,"tau_PE",1,0.932,0.826836564824237,0.824441116824879,0.0215088985995249,0.220119587310556,1000,0
"own",2,0.5,"Cellini2010",2000,"tau_Cel",1.74135779297765,0.96,3.20679074249734,3.19327626587047,0.191104098624513,0.824679835795374,1000,0
"own",2,0.8,"Cellini2010",2000,"tau_Cel",3.05914429678737,0.957,7.72596172135302,7.61946356237245,0.531156678258287,2.03661413947245,1000,0
"own",2,1,"Cellini2010",2000,"tau_Cel",5.47003102357049,0.952,21.7636134343887,21.2264280990085,1.37527157823027,5.709949567292,1000,0
"own",2,0.5,"dynamic",2000,"tau_RD",1.7214123314256,0.949,2.41252038030792,2.38667020884936,0.080569552227497,0.669654561588873,1000,0
"own",2,0.8,"dynamic",2000,"tau_RD",2.83792536817979,0.949,3.74507840260528,3.70791546240554,0.153872326041367,1.01364622556336,1000,0
"own",2,1,"dynamic",2000,"tau_RD",4.32797735502313,0.946,6.4876690272542,6.50089313400863,0.118979065145258,1.73220074531696,1000,0
"own",2,0.5,"dynamic_ba",2000,"tau_RD",1.7214123314256,0.971,2.68518137593925,2.65640964015125,0.080569552227497,0.669654561588873,1000,0
"own",2,0.8,"dynamic_ba",2000,"tau_RD",2.83792536817979,0.972,4.1683439693158,4.1269809053127,0.153872326041367,1.01364622556336,1000,0
"own",2,1,"dynamic_ba",2000,"tau_RD",4.32797735502313,0.967,7.22089984707918,7.23561853109954,0.118979065145258,1.73220074531696,1000,0
"own",2,0.5,"naive",2000,"tau_naive",1.74137342331148,0.949,3.90125964581994,3.81909553221748,0.139403937737832,1.05024676471214,1000,0
"own",2,0.8,"naive",2000,"tau_naive",3.06539960451628,0.954,10.2550233884502,9.36375162082894,0.578754466940214,2.94693754542288,1000,0
"own",2,1,"naive",2000,"tau_naive",5.59484194240617,0.948,38.0519430909192,27.8693161444274,2.77470170020214,11.8578900576313,1000,0
"own",2,0.5,"static",2000,"tau_PE",1,0.953,0.61291038812549,0.613055335464191,0.0128724036744374,0.156123068414546,1000,0
"own",2,0.8,"static",2000,"tau_PE",1,0.953,0.61291038812549,0.613055335464191,0.0128724036744374,0.156123068414546,1000,0
"own",2,1,"static",2000,"tau_PE",1,0.953,0.61291038812549,0.613055335464191,0.0128724036744374,0.156123068414546,1000,0
"own",2,0.5,"Cellini2010",5000,"tau_Cel",1.74135779297765,0.952,2.02100631803821,2.02110359395903,0.158545402677869,0.518159319469168,1000,0
"own",2,0.8,"Cellini2010",5000,"tau_Cel",3.05914429678737,0.947,4.82147733464474,4.80140545745584,0.415901757564705,1.27045756215298,1000,0
"own",2,1,"Cellini2010",5000,"tau_Cel",5.47003102357049,0.952,13.4546877741391,13.3401301970052,0.99120233897064,3.55688338669225,1000,0
"own",2,0.5,"dynamic",5000,"tau_RD",1.7214123314256,0.943,1.51886053623555,1.50410992649488,0.0398581661924269,0.414638974361009,1000,0
"own",2,0.8,"dynamic",5000,"tau_RD",2.83792536817979,0.941,2.52430576993373,2.50044692008091,0.0674420333209298,0.68689890140897,1000,0
"own",2,1,"dynamic",5000,"tau_RD",4.32797735502313,0.946,4.32190552928866,4.30271331872269,0.0403642240131825,1.17238862483878,1000,0
"own",2,0.5,"dynamic_ba",5000,"tau_RD",1.7214123314256,0.97,1.69052085853395,1.67410314746187,0.0398581661924269,0.414638974361009,1000,0
"own",2,0.8,"dynamic_ba",5000,"tau_RD",2.83792536817979,0.964,2.8096006549536,2.78304529824074,0.0674420333209298,0.68689890140897,1000,0
"own",2,1,"dynamic_ba",5000,"tau_RD",4.32797735502313,0.964,4.8103636058542,4.78900230802,0.0403642240131825,1.17238862483878,1000,0
"own",2,0.5,"naive",5000,"tau_naive",1.74137342331148,0.953,2.48858958420232,2.45579798046155,0.0815020241192284,0.650927565841021,1000,0
"own",2,0.8,"naive",5000,"tau_naive",3.06539960451628,0.956,6.3620127450784,6.06856201605873,0.331839392052751,1.76894476138229,1000,0
"own",2,1,"naive",5000,"tau_naive",5.59484194240617,0.96,20.5292114424528,17.8647501009343,1.36224214741794,6.13792993126989,1000,0
"own",2,0.5,"static",5000,"tau_PE",1,0.941,0.411513489418113,0.411932604743394,0.00619463267013565,0.106607866019199,1000,0
"own",2,0.8,"static",5000,"tau_PE",1,0.941,0.411513489418113,0.411932604743394,0.00619463267013565,0.106607866019199,1000,0
"own",2,1,"static",5000,"tau_PE",1,0.941,0.411513489418113,0.411932604743394,0.00619463267013565,0.106607866019199,1000,0
"rd",3,0.5,"Cellini2010",500,"tau_RD",1.81701500338677,0.946,6.69595995927257,6.53013076625371,0.12754367100651,1.76828509619906,1000,0
"rd",3,0.8,"Cellini2010",500,"tau_RD",3.26980199214996,0.937,17.8194655557772,16.6233152121509,0.819657326946611,4.74428593921995,1000,0
"rd",3,1,"Cellini2010",500,"tau_RD",4.82207335043415,0.947,56.4231691329805,50.2372477798978,4.7103478070339,15.4243230836308,1000,0
"rd",3,0.5,"dynamic",500,"tau_RD",1.81701500338677,0.934,6.3610668536064,6.22514816252478,0.168776086752653,1.80932478238586,1000,0
"rd",3,0.8,"dynamic",500,"tau_RD",3.26980199214996,0.933,11.0447270913333,10.4364260837046,0.420700743224647,3.24737352555873,1000,0
"rd",3,1,"dynamic",500,"tau_RD",4.82207335043415,0.93,21.8215730609024,18.9412147941899,1.14887968250969,6.46975522786061,1000,0
"rd",3,0.5,"dynamic_ba",500,"tau_RD",1.81701500338677,0.958,7.0799892037506,6.92870909813432,0.168776086752653,1.80932478238586,1000,0
"rd",3,0.8,"dynamic_ba",500,"tau_RD",3.26980199214996,0.951,12.2929927266333,11.6159420579707,0.420700743224647,3.24737352555873,1000,0
"rd",3,1,"dynamic_ba",500,"tau_RD",4.82207335043415,0.942,24.2878286356089,21.0819347343843,1.14887968250969,6.46975522786061,1000,0
"rd",3,0.5,"naive",500,"tau_RD",1.81701500338677,0.934,8.17111090644628,7.82101462813196,0.291074887674519,2.36784686274652,1000,0
"rd",3,0.8,"naive",500,"tau_RD",3.26980199214996,0.928,30.8566846028224,21.2001445110894,2.41164473481416,10.544527064141,1000,0
"rd",3,1,"naive",500,"tau_RD",4.82207335043415,0.907,67619.6804173247,71.5976757428913,38.8914379006631,863.425411749168,1000,0
"rd",3,0.5,"static",500,"tau_RD",1.81701500338677,0.269,1.24437528635188,1.23160814415788,-0.816209320854794,0.881128679932758,1000,0
"rd",3,0.8,"static",500,"tau_RD",3.26980199214996,0,1.24437528635188,1.23160814415788,-2.26899630961798,2.29314943869994,1000,0
"rd",3,1,"static",500,"tau_RD",4.82207335043415,0,1.24437528635188,1.23160814415788,-3.82126766790217,3.83565857251454,1000,0
"rd",3,0.5,"Cellini2010",1000,"tau_RD",1.81701500338677,0.955,4.68074674871432,4.65456851097342,0.0684512038473357,1.17860536860427,1000,0
"rd",3,0.8,"Cellini2010",1000,"tau_RD",3.26980199214996,0.946,12.172367391698,11.7979337750947,0.548467144553145,3.2044174613427,1000,0
"rd",3,1,"Cellini2010",1000,"tau_RD",4.82207335043415,0.956,37.5996757063768,35.5455818027771,3.62264809686753,10.4919983837961,1000,0
"rd",3,0.5,"dynamic",1000,"tau_RD",1.81701500338677,0.954,4.48776066174143,4.39007565749213,0.0934213849521139,1.2284366138519,1000,0
"rd",3,0.8,"dynamic",1000,"tau_RD",3.26980199214996,0.94,7.69778371045475,7.44255171239988,0.22275079630052,2.1725510721518,1000,0
"rd",3,1,"dynamic",1000,"tau_RD",4.82207335043415,0.942,14.4168482849515,13.5550160744706,0.502093987431112,3.94180310840929,1000,0
"rd",3,0.5,"dynamic_ba",1000,"tau_RD",1.81701500338677,0.97,4.99496354391122,4.88623826380174,0.0934213849521139,1.2284366138519,1000,0
"rd",3,0.8,"dynamic_ba",1000,"tau_RD",3.26980199214996,0.96,8.56778065961184,8.28370255883607,0.22275079630052,2.1725510721518,1000,0
"rd",3,1,"dynamic_ba",1000,"tau_RD",4.82207335043415,0.958,16.0462281813149,15.0869924295023,0.502093987431112,3.94180310840929,1000,0
"rd",3,0.5,"naive",1000,"tau_RD",1.81701500338677,0.948,5.6743927468926,5.52159459698527,0.123015053340098,1.55746965885305,1000,0
"rd",3,0.8,"naive",1000,"tau_RD",3.26980199214996,0.952,16.9436401246788,14.6831368871288,1.04738111869296,4.90260667971077,1000,0
"rd",3,1,"naive",1000,"tau_RD",4.82207335043415,0.921,9950.80905248253,52.4417524501303,3.57640310870084,353.393027833178,1000,0
"rd",3,0.5,"static",1000,"tau_RD",1.81701500338677,0.064,0.876632176541622,0.868637983029877,-0.813649229100242,0.84782037816141,1000,0
"rd",3,0.8,"static",1000,"tau_RD",3.26980199214996,0,0.876632176541622,0.868637983029877,-2.26643621786343,2.27892682095179,1000,0
"rd",3,1,"static",1000,"tau_RD",4.82207335043415,0,0.876632176541622,0.868637983029877,-3.81870757614761,3.82613406426611,1000,0
"rd",3,0.5,"Cellini2010",2000,"tau_RD",1.81701500338677,0.959,3.29643307077358,3.2804392648878,0.0739361683012685,0.831395936434284,1000,0
"rd",3,0.8,"Cellini2010",2000,"tau_RD",3.26980199214996,0.955,8.46803169280891,8.34219801943142,0.459222452629436,2.21241622041897,1000,0
"rd",3,1,"Cellini2010",2000,"tau_RD",4.82207335043415,0.958,25.7914120779059,25.225465231635,3.10691439143838,7.2854508475032,1000,0
"rd",3,0.5,"dynamic",2000,"tau_RD",1.81701500338677,0.936,3.19514017143026,3.15683623759447,0.0682300064759558,0.864694945696606,1000,0
"rd",3,0.8,"dynamic",2000,"tau_RD",3.26980199214996,0.944,5.45604229717789,5.35612598532277,0.149926602194437,1.48021621845396,1000,0
"rd",3,1,"dynamic",2000,"tau_RD",4.82207335043415,0.947,10.0598789854424,9.76953574847979,0.292050206824478,2.71253088121148,1000,0
"rd",3,0.5,"dynamic_ba",2000,"tau_RD",1.81701500338677,0.964,3.55625218832133,3.51361917655464,0.0682300064759558,0.864694945696606,1000,0
"rd",3,0.8,"dynamic_ba",2000,"tau_RD",3.26980199214996,0.966,6.07267954389216,5.96147077569445,0.149926602194437,1.48021621845396,1000,0
"rd",3,1,"dynamic_ba",2000,"tau_RD",4.82207335043415,0.962,11.1968379278374,10.8736803458806,0.292050206824478,2.71253088121148,1000,0
"rd",3,0.5,"naive",2000,"tau_RD",1.81701500338677,0.943,4.00458748403938,3.94002089179812,0.0976596227722586,1.07348125168398,1000,0
"rd",3,0.8,"naive",2000,"tau_RD",3.26980199214996,0.955,11.4709523774197,10.5805393472391,0.686926281919484,3.26475966411571,1000,0
"rd",3,1,"naive",2000,"tau_RD",4.82207335043415,0.956,126.125992205703,36.4642870265985,9.48903327182244,38.2014560326587,1000,0
"rd",3,0.5,"static",2000,"tau_RD",1.81701500338677,0.009,0.618269376399586,0.61154747463957,-0.811980253745223,0.829290397405985,1000,0
"rd",3,0.8,"static",2000,"tau_RD",3.26980199214996,0,0.618269376399586,0.61154747463957,-2.26476724250841,2.27103088783415,1000,0
"rd",3,1,"static",2000,"tau_RD",4.82207335043415,0,0.618269376399586,0.61154747463957,-3.8170386007926,3.82075834235801,1000,0
"rd",3,0.5,"Cellini2010",5000,"tau_RD",1.81701500338677,0.956,2.07890373283275,2.07893487349514,0.0392801203194784,0.51142044287635,1000,0
"rd",3,0.8,"Cellini2010",5000,"tau_RD",3.26980199214996,0.951,5.29290284935012,5.27920997996369,0.329376779711053,1.36568029817822,1000,0
"rd",3,1,"Cellini2010",5000,"tau_RD",4.82207335043415,0.928,15.9726766725072,15.8927568214136,2.62688404083525,4.85132486859282,1000,0
"rd",3,0.5,"dynamic",5000,"tau_RD",1.81701500338677,0.956,2.02645766421101,2.0113657971662,0.0143546806394497,0.52639759669752,1000,0
"rd",3,0.8,"dynamic",5000,"tau_RD",3.26980199214996,0.958,3.44607541963851,3.4134424960965,0.0485380654734739,0.883494033073341,1000,0
"rd",3,1,"dynamic",5000,"tau_RD",4.82207335043415,0.961,6.34421956382395,6.2681992594727,0.110040904933299,1.59426239653211,1000,0
"rd",3,0.5,"dynamic_ba",5000,"tau_RD",1.81701500338677,0.972,2.25548618095995,2.23868864397429,0.0143546806394497,0.52639759669752,1000,0
"rd",3,0.8,"dynamic_ba",5000,"tau_RD",3.26980199214996,0.976,3.83554792424771,3.79922685552113,0.0485380654734739,0.883494033073341,1000,0
"rd",3,1,"dynamic_ba",5000,"tau_RD",4.82207335043415,0.978,7.06123784764678,6.97662579333901,0.110040904933299,1.59426239653211,1000,0
"rd",3,0.5,"naive",5000,"tau_RD",1.81701500338677,0.955,2.50895891884522,2.47984206358046,0.0396091199415578,0.653159662186981,1000,0
"rd",3,0.8,"naive",5000,"tau_RD",3.26980199214996,0.954,7.00953490788127,6.69126373423067,0.411653395211512,1.95898993498024,1000,0
"rd",3,1,"naive",5000,"tau_RD",4.82207335043415,0.974,30.4524709906269,22.7978157845138,4.49467124970372,10.543222171846,1000,0
"rd",3,0.5,"static",5000,"tau_RD",1.81701500338677,0,0.390167739229672,0.387635768650041,-0.816690179191105,0.823181101475037,1000,0
"rd",3,0.8,"static",5000,"tau_RD",3.26980199214996,0,0.390167739229672,0.387635768650041,-2.26947716795429,2.27182105213071,1000,0
"rd",3,1,"static",5000,"tau_RD",4.82207335043415,0,0.390167739229672,0.387635768650041,-3.82174852623848,3.82314086515844,1000,0
"own",3,0.5,"Cellini2010",500,"tau_Cel",1.81805644995717,0.946,6.69595995927257,6.53013076625371,0.126502224436112,1.76821028336937,1000,0
"own",3,0.8,"Cellini2010",500,"tau_Cel",3.50211282156512,0.935,17.8194655557772,16.6233152121509,0.587346497531451,4.70971197077117,1000,0
"own",3,1,"Cellini2010",500,"tau_Cel",7.17570463519,0.932,56.4231691329805,50.2372477798978,2.35671652227805,14.8753648322109,1000,0
"own",3,0.5,"dynamic",500,"tau_RD",1.81701500338677,0.934,6.3610668536064,6.22514816252478,0.168776086752653,1.80932478238586,1000,0
"own",3,0.8,"dynamic",500,"tau_RD",3.26980199214996,0.933,11.0447270913333,10.4364260837046,0.420700743224647,3.24737352555873,1000,0
"own",3,1,"dynamic",500,"tau_RD",4.82207335043415,0.93,21.8215730609024,18.9412147941899,1.14887968250969,6.46975522786061,1000,0
"own",3,0.5,"dynamic_ba",500,"tau_RD",1.81701500338677,0.958,7.0799892037506,6.92870909813432,0.168776086752653,1.80932478238586,1000,0
"own",3,0.8,"dynamic_ba",500,"tau_RD",3.26980199214996,0.951,12.2929927266333,11.6159420579707,0.420700743224647,3.24737352555873,1000,0
"own",3,1,"dynamic_ba",500,"tau_RD",4.82207335043415,0.942,24.2878286356089,21.0819347343843,1.14887968250969,6.46975522786061,1000,0
"own",3,0.5,"naive",500,"tau_naive",1.81810348395019,0.933,8.17111090644628,7.82101462813196,0.289986407111104,2.36771330432826,1000,0
"own",3,0.8,"naive",500,"tau_naive",3.5236848090509,0.927,30.8566846028224,21.2001445110894,2.15776191791322,10.4893735358143,1000,0
"own",3,1,"naive",500,"tau_naive",7.70847581122357,0.873,67619.6804173247,71.5976757428913,36.0050354398736,863.300214461497,1000,0
"own",3,0.5,"static",500,"tau_PE",1,0.947,1.24437528635188,1.23160814415788,0.0008056825319811,0.331949912297237,1000,0
"own",3,0.8,"static",500,"tau_PE",1,0.947,1.24437528635188,1.23160814415788,0.0008056825319811,0.331949912297237,1000,0
"own",3,1,"static",500,"tau_PE",1,0.947,1.24437528635188,1.23160814415788,0.0008056825319811,0.331949912297237,1000,0
"own",3,0.5,"Cellini2010",1000,"tau_Cel",1.81805644995717,0.955,4.68074674871432,4.65456851097342,0.0674097572769377,1.17854534192401,1000,0
"own",3,0.8,"Cellini2010",1000,"tau_Cel",3.50211282156512,0.944,12.172367391698,11.7979337750947,0.316156315137984,3.17292134688293,1000,0
"own",3,1,"Cellini2010",1000,"tau_Cel",7.17570463519,0.939,37.5996757063768,35.5455818027771,1.26901681211168,9.9281848553129,1000,0
"own",3,0.5,"dynamic",1000,"tau_RD",1.81701500338677,0.954,4.48776066174143,4.39007565749213,0.0934213849521139,1.2284366138519,1000,0
"own",3,0.8,"dynamic",1000,"tau_RD",3.26980199214996,0.94,7.69778371045475,7.44255171239988,0.22275079630052,2.1725510721518,1000,0
"own",3,1,"dynamic",1000,"tau_RD",4.82207335043415,0.942,14.4168482849515,13.5550160744706,0.502093987431112,3.94180310840929,1000,0
"own",3,0.5,"dynamic_ba",1000,"tau_RD",1.81701500338677,0.97,4.99496354391122,4.88623826380174,0.0934213849521139,1.2284366138519,1000,0
"own",3,0.8,"dynamic_ba",1000,"tau_RD",3.26980199214996,0.96,8.56778065961184,8.28370255883607,0.22275079630052,2.1725510721518,1000,0
"own",3,1,"dynamic_ba",1000,"tau_RD",4.82207335043415,0.958,16.0462281813149,15.0869924295023,0.502093987431112,3.94180310840929,1000,0
"own",3,0.5,"naive",1000,"tau_naive",1.81810348395019,0.949,5.6743927468926,5.52159459698527,0.121926572776683,1.55738406440051,1000,0
"own",3,0.8,"naive",1000,"tau_naive",3.5236848090509,0.937,16.9436401246788,14.6831368871288,0.793498301792023,4.8547074683339,1000,0
"own",3,1,"naive",1000,"tau_naive",7.70847581122357,0.886,9950.80905248253,52.4417524501303,0.690000647911414,353.375604085511,1000,0
"own",3,0.5,"static",1000,"tau_PE",1,0.948,0.876632176541622,0.868637983029877,0.00336577428653273,0.238297406714562,1000,0
"own",3,0.8,"static",1000,"tau_PE",1,0.948,0.876632176541622,0.868637983029877,0.00336577428653273,0.238297406714562,1000,0
"own",3,1,"static",1000,"tau_PE",1,0.948,0.876632176541622,0.868637983029877,0.00336577428653273,0.238297406714562,1000,0
"own",3,0.5,"Cellini2010",2000,"tau_Cel",1.81805644995717,0.959,3.29643307077358,3.2804392648878,0.0728947217308704,0.831303967627117,1000,0
"own",3,0.8,"Cellini2010",2000,"tau_Cel",3.50211282156512,0.952,8.46803169280891,8.34219801943142,0.226911623214276,2.17609493270025,1000,0
"own",3,1,"Cellini2010",2000,"tau_Cel",7.17570463519,0.94,25.7914120779059,25.225465231635,0.753283106682526,6.63267008485056,1000,0
"own",3,0.5,"dynamic",2000,"tau_RD",1.81701500338677,0.936,3.19514017143026,3.15683623759447,0.0682300064759558,0.864694945696606,1000,0
"own",3,0.8,"dynamic",2000,"tau_RD",3.26980199214996,0.944,5.45604229717789,5.35612598532277,0.149926602194437,1.48021621845396,1000,0
"own",3,1,"dynamic",2000,"tau_RD",4.82207335043415,0.947,10.0598789854424,9.76953574847979,0.292050206824478,2.71253088121148,1000,0
"own",3,0.5,"dynamic_ba",2000,"tau_RD",1.81701500338677,0.964,3.55625218832133,3.51361917655464,0.0682300064759558,0.864694945696606,1000,0
"own",3,0.8,"dynamic_ba",2000,"tau_RD",3.26980199214996,0.966,6.07267954389216,5.96147077569445,0.149926602194437,1.48021621845396,1000,0
"own",3,1,"dynamic_ba",2000,"tau_RD",4.82207335043415,0.962,11.1968379278374,10.8736803458806,0.292050206824478,2.71253088121148,1000,0
"own",3,0.5,"naive",2000,"tau_naive",1.81810348395019,0.943,4.00458748403938,3.94002089179812,0.0965711422088436,1.07338277483128,1000,0
"own",3,0.8,"naive",2000,"tau_naive",3.5236848090509,0.943,11.4709523774197,10.5805393472391,0.433043465018547,3.22091828369496,1000,0
"own",3,1,"naive",2000,"tau_naive",7.70847581122357,0.908,126.125992205703,36.4642870265985,6.60263081103301,37.5886182801152,1000,0
"own",3,0.5,"static",2000,"tau_PE",1,0.942,0.618269376399586,0.61154747463957,0.00503474964155148,0.168629711087851,1000,0
"own",3,0.8,"static",2000,"tau_PE",1,0.942,0.618269376399586,0.61154747463957,0.00503474964155148,0.168629711087851,1000,0
"own",3,1,"static",2000,"tau_PE",1,0.942,0.618269376399586,0.61154747463957,0.00503474964155148,0.168629711087851,1000,0
"own",3,0.5,"Cellini2010",5000,"tau_Cel",1.81805644995717,0.956,2.07890373283275,2.07893487349514,0.0382386737490803,0.511341507907991,1000,0
"own",3,0.8,"Cellini2010",5000,"tau_Cel",3.50211282156512,0.953,5.29290284935012,5.27920997996369,0.0970659502958924,1.32891512615599,1000,0
"own",3,1,"Cellini2010",5000,"tau_Cel",7.17570463519,0.954,15.9726766725072,15.8927568214136,0.273252756079396,4.08772556384809,1000,0
"own",3,0.5,"dynamic",5000,"tau_RD",1.81701500338677,0.956,2.02645766421101,2.0113657971662,0.0143546806394497,0.52639759669752,1000,0
"own",3,0.8,"dynamic",5000,"tau_RD",3.26980199214996,0.958,3.44607541963851,3.4134424960965,0.0485380654734739,0.883494033073341,1000,0
"own",3,1,"dynamic",5000,"tau_RD",4.82207335043415,0.961,6.34421956382395,6.2681992594727,0.110040904933299,1.59426239653211,1000,0
"own",3,0.5,"dynamic_ba",5000,"tau_RD",1.81701500338677,0.972,2.25548618095995,2.23868864397429,0.0143546806394497,0.52639759669752,1000,0
"own",3,0.8,"dynamic_ba",5000,"tau_RD",3.26980199214996,0.976,3.83554792424771,3.79922685552113,0.0485380654734739,0.883494033073341,1000,0
"own",3,1,"dynamic_ba",5000,"tau_RD",4.82207335043415,0.978,7.06123784764678,6.97662579333901,0.110040904933299,1.59426239653211,1000,0
"own",3,0.5,"naive",5000,"tau_naive",1.81810348395019,0.955,2.50895891884522,2.47984206358046,0.0385206393781428,0.653094557919271,1000,0
"own",3,0.8,"naive",5000,"tau_naive",3.5236848090509,0.958,7.00953490788127,6.69126373423067,0.157770578310575,1.92173739177474,1000,0
"own",3,1,"naive",5000,"tau_naive",7.70847581122357,0.93,30.4524709906269,22.7978157845138,1.60826878891429,9.67181433958427,1000,0
"own",3,0.5,"static",5000,"tau_PE",1,0.945,0.390167739229672,0.387635768650041,0.00032482419567037,0.103171616974895,1000,0
"own",3,0.8,"static",5000,"tau_PE",1,0.945,0.390167739229672,0.387635768650041,0.00032482419567037,0.103171616974895,1000,0
"own",3,1,"static",5000,"tau_PE",1,0.945,0.390167739229672,0.387635768650041,0.00032482419567037,0.103171616974895,1000,0
