"setting","gamma","tau_RD","se_tau_RD","tau_PE","tau_naive","tau_Cel"
1,0.5,1.76698965086448,0.000323967354100918,1,1.76830984613471,1.76827620288453
1,0.8,3.07386081466798,0.00112717379639503,1,3.29088616764435,3.27595744108021
1,1,4.42890976383938,0.00513660502178694,1,6.78587164088845,6.4354200002672
2,0.5,1.7214123314256,0.000294033407248953,1,1.74137342331148,1.74135779297765
2,0.8,2.83792536817979,0.00069988231897051,1,3.06539960451628,3.05914429678737
2,1,4.32797735502313,0.00190943825745068,1,5.59484194240617,5.47003102357049
3,0.5,1.81701500338677,6.34731057896358e-06,1,1.81810348395019,1.81805644995717
3,0.8,3.26980199214996,0.000934792571182575,1,3.5236848090509,3.50211282156512
3,1,4.82207335043415,0.00581739985252206,1,7.70847581122357,7.17570463519
